epoch,train_loss,lr
1,49.06370521326899,0.0014985200463212037
2,5.058547007764285,0.0014940860259858586
3,3.6287725127866275,0.0014867154380465166
