epoch,train_loss,lr
1,89.50394134128157,0.0009998903417374227
2,24.918053977345696,0.0009995614150494292
3,16.28093951613409,0.0009990133642141358
